COD;UVR
10101;70
10102;70
10103;70
10201;30
10202;105
10203;30
10204;30
10205;30
10901;105
10902;105
11101;25
11102;25
11103;25
11201;95
11202;95
11301;210
11302;210
11303;210
11306;250
11307;250
12101;230
12102;375
12103;230
12201;0
12202;0
12203;0
12204;0
12205;0
12206;0
12207;0
12208;0
12209;0
12210;0
12300;0
12401;375
12402;375
12403;375
12410;375
12501;90
12502;555
12503;555
12505;0
12506;0
12507;0
13101;285
13102;285
13103;555
13104;285
13105;210
13106;210
13107;305
13110;455
13201;420
13202;335
13204;0
13205;0
13206;0
13207;0
13208;0
13209;0
13210;0
13211;0
13212;0
13213;0
13214;0
13215;0
13216;0
13217;0
13218;0
13219;0
14103;420
14201;420
14301;0
14401;0
15101;85
15102;100
15103;0
15104;315
15201;730
15202;730
15203;730
15204;730
15205;730
15206;730
15301;730
15302;730
15303;730
15304;730
15305;730
15306;700
15307;730
15308;730
15309;730
15310;820
15311;685
15313;0
15314;0
15401;945
15402;945
15403;945
15404;945
15405;945
15406;945
15407;945
15408;945
15409;945
15410;945
15411;945
15412;945
15501;50
15502;0
16101;190
16102;305
16103;190
16201;305
16202;0
16301;190
16302;190
16401;250
16402;0
17001;525
17002;250
17003;0
17004;690
17005;250
17006;250
17201;730
17202;815
17203;730
17204;700
17205;0
17206;0
17209;385
17301;945
17302;0
17303;590
17401;945
17403;0
17404;0
17405;0
17406;0
17501;945
17502;0
17504;945
17505;945
17508;945
17509;945
17601;700
17603;700
17701;945
17702;945
17801;945
17802;945
17803;945
17806;590
17807;590
18103;0
18104;0
18105;0
18106;610
18107;610
18201;610
18202;0
19101;0
19201;375
20105;380
20106;620
20107;620
20108;620
20109;0
20110;0
20111;0
20112;0
20201;220
20202;355
20203;390
20204;435
20205;390
20206;0
20401;240
20402;240
20501;0
20502;0
20503;0
20601;190
20602;0
20701;0
21101;135
21102;135
21103;135
21104;135
21105;135
21106;0
21201;365
21202;135
21203;250
21204;325
21205;155
21206;250
21207;325
21208;250
21209;315
21210;430
21211;395
21212;700
21213;395
21214;510
21215;305
21216;0
21301;0
21302;0
21303;0
21304;0
21305;0
21306;0
21307;0
21308;0
22101;210
22102;0
22103;0
22105;0
22106;0
22201;150
22202;210
22203;210
22401;0
22402;0
22403;0
22404;0
23201;210
23402;210
23403;210
23404;210
24100;120
24201;120
24202;140
24203;0
24300;125
25000;125
28100;0
28201;75
28202;75
28203;75
28302;290
28303;230
28304;290
28305;0
28307;0
28308;0
28309;0
28310;0
28311;0
28312;0
28313;0
28314;0
28401;0
28402;0
28501;0
28502;0
28601;320
28602;0
29001;0
29002;0
29101;0
30105;0
30106;0
30107;0
30108;0
30109;0
30110;0
30111;220
30112;0
30113;0
30208;305
30209;0
30210;0
30211;305
30212;0
30213;0
30214;305
30215;0
30216;0
30217;305
30218;0
30219;0
30220;305
30221;0
30222;0
30223;305
30224;0
30225;0
30226;305
30227;0
30228;305
30229;305
30230;0
30231;0
30301;305
30302;0
30404;0
30405;0
30406;275
30407;275
30408;275
30409;275
31101;0
31102;0
31103;0
31104;300
31105;0
32001;0
32002;0
32003;0
32303;0
32304;0
32401;0
33101;40
33102;0
33103;0
33201;230
33202;0
33203;0
34101;0
34102;0
34103;0
34208;330
34209;0
34210;0
34211;0
34212;0
34213;0
34214;0
34215;0
34216;0
34217;340
34218;0
34219;0
34220;0
34221;0
34222;0
34223;300
34224;0
34225;0
34226;0
34227;0
34228;0
34229;0
34230;0
34307;0
34308;0
34309;0
34310;0
34311;0
34312;0
34313;0
34314;0
34315;0
34316;0
34317;0
34318;0
34319;0
34320;0
34321;310
34322;0
34323;0
34324;0
34325;0
34326;0
34327;0
34328;0
34329;0
34330;0
34331;0
34403;0
34404;0
34405;0
34406;0
34407;0
34408;0
34409;0
34410;0
34411;0
34412;0
34413;0
34414;0
34415;405
34416;0
34417;0
34418;0
34419;0
34420;0
34421;0
34422;0
34423;0
34424;0
34425;0
35102;270
35103;270
35104;435
35105;270
35106;275
35107;345
35108;155
35109;0
35110;0
35201;420
35202;420
35401;135
35402;300
35501;0
36101;0
36102;0
36103;0
37101;0
37201;190
37202;190
37301;190
37302;190
37401;0
37501;0
38200;105
39001;80
39002;80
39101;0
39102;0
39201;0
39202;0
39203;105
39204;0
39304;0
39305;0
39306;0
39307;0
39308;0
39309;0
39310;0
39401;0
39601;0
39700;55
39800;55
39901;0
40001;0
40002;0
40003;0
40004;0
40005;0
40201;100
40301;60
40302;0
40500;0
40601;0
40602;0
40603;0
40604;0
40605;0
40606;0
40607;0
40608;0
40609;0
40701;0
40702;0
40703;0
40704;0
40705;70
40712;40
40713;70
40714;0
40715;105
40716;105
40717;105
40718;105
40719;90
40720;90
40721;105
40722;105
40723;105
40724;105
40725;105
40726;105
40727;105
40728;105
40729;70
40730;40
40731;70
40732;0
41101;30
41102;30
41200;30
42101;200
42102;200
42103;200
42201;70
42202;150
42204;0
42205;0
42310;80
42311;80
42312;80
42313;80
42314;80
42315;75
42316;85
42317;85
42318;85
42319;85
42320;85
42321;85
42322;85
42323;70
42324;70
42325;0
42326;0
43001;210
43002;210
43101;0
43102;80
43103;125
43104;110
43105;80
43106;70
43107;140
43108;140
43109;85
44101;355
44102;0
44201;0
44202;0
44203;355
44204;355
44205;355
44206;355
44207;355
44208;355
44209;0
44210;0
44211;350
44212;350
44301;90
44303;90
44304;100
44305;100
44401;80
44402;80
44510;90
44511;90
44512;90
44513;90
44514;90
44515;90
44516;90
44517;90
44518;80
44519;85
44520;80
44521;80
44522;80
44523;80
44524;80
44525;80
44526;80
44527;80
45102;40
45103;55
45104;55
46103;60
46104;60
47102;200
47104;0
47105;0
47106;0
47107;0
47108;0
51100;55
52001;0
52101;185
52102;185
52200;175
52300;150
52401;150
52402;150
52403;150
52500;150
52601;260
52602;290
52603;60
52604;0
52605;0
53201;165
53202;165
53203;165
53204;165
53205;165
53206;165
53207;70
53208;70
54101;300
54102;350
54103;250
54104;0
54201;320
54202;250
54203;195
54204;0
55101;225
55102;235
55200;235
60201;50
60901;30
60902;50
60903;50
60904;70
61001;60
61002;60
61301;75
61302;75
62001;120
62002;120
62101;0
64101;150
64102;150
65101;120
65102;120
65201;150
65202;150
67001;180
67002;180
67201;80
68101;165
68102;165
68201;0
68901;165
68902;165
69101;50
69102;50
69301;0
69400;0
69501;0
69502;0
70001;150
70002;150
71001;60
71002;60
71003;60
71300;210
71401;635
71402;635
71601;75
71602;75
71700;210
72001;250
72002;250
72401;0
72402;0
72501;0
72502;0
72601;0
72602;0
72701;0
72702;0
74101;90
74102;90
74103;90
74401;0
74402;0
75300;945
75400;945
76100;945
76200;635
76400;945
76500;685
78203;190
78204;190
78205;170
78206;170
80101;30
80201;0
81101;25
82101;30
82102;30
82301;50
82302;120
82304;120
82403;0
82404;0
82405;0
82406;0
82407;0
82602;35
83001;100
83002;100
83003;100
83004;100
83005;0
83501;0
83502;0
83503;0
83601;0
83602;110
83603;0
83701;0
83702;110
83703;0
83801;0
83802;0
83803;0
83804;100
83805;100
83806;0
83807;0
83808;0
83809;0
83810;0
83811;0
86001;0
86002;0
86003;0
88001;0
88201;30
88202;60
88401;60
88402;60
88403;135
88600;0
88700;0
89104;0
89105;0
89207;0
89208;0
89209;0
89210;0
89211;0
89212;0
89213;0
89214;0
89215;0
89216;0
89217;0
89301;0
89302;0
89303;0
90001;0
91101;20
91201;25
92001;40
92002;40
94101;30
95001;30
95002;0
96101;40
97101;50
97201;30
97301;30
98101;60
98102;0
98105;60
98106;0
98201;60
98202;0
98301;95
98302;0
99001;0
99002;0
99003;0
100101;0
102101;25
102102;0
102103;0
103101;50
103102;70
103103;45
103104;70
103105;50
103106;130
103107;90
103108;30
106101;30
107201;0
107202;0
107203;0
107204;0
107301;0
110002;50
112201;35
114101;0
114102;0
114201;30
114202;30
114301;0
115201;90
115301;170
115302;170
115305;0
115306;80
115307;50
115308;0
115309;0
115401;170
115402;0
115801;30
116001;0
116002;0
116101;0
116102;0
116103;0
116104;0
116201;170
116202;170
116401;170
117301;100
117302;100
117401;0
117402;0
117501;0
117502;0
117800;0
118101;30
118202;85
118203;0
118204;0
118303;0
120001;85
121301;65
121401;80
122101;0
122201;45
122301;35
122401;45
123001;90
123201;0
123202;0
123203;0
123401;90
123501;50
123502;0
124201;90
124202;0
124203;90
124401;100
124402;0
125101;70
125401;87
125501;50
126301;0
126302;0
126303;0
126304;0
126403;150
126601;50
126602;0
126604;0
126702;0
126703;100
126704;0
126705;95
126706;0
126707;0
126708;0
127501;130
128101;90
128401;70
128405;0
128801;0
128802;0
129101;0
129102;0
129302;0
129303;0
129402;0
129403;0
130001;100
130002;0
130003;0
130004;100
136401;0
136402;0
137001;0
137002;0
137003;0
137004;0
137005;0
137006;0
137007;0
138101;90
142004;110
142005;0
143401;130
143402;0
143403;0
143404;0
143501;0
147101;0
147103;0
147104;0
147401;190
147402;240
147403;0
147404;0
147405;0
147406;0
147407;0
147408;0
147502;0
147503;0
150101;0
150201;0
152001;0
152002;0
152003;0
154001;0
154002;0
154003;0
154004;0
154005;0
154006;0
154007;0
154008;0
154009;0
154010;0
157101;0
160101;0
160201;0
161101;0
162201;0
162301;0
162302;0
163001;0
163002;0
164001;0
164002;0
164003;0
164004;0
165001;0
166101;100
166301;0
167101;0
168301;100
168401;350
168402;275
168403;275
168405;100
169001;0
169002;0
169003;0
169004;0
169005;0
169006;130
169007;0
169201;125
169202;80
169203;30
169204;100
170001;0
170002;0
170003;0
170004;0
170005;0
170006;0
170007;0
170008;0
170009;0
170010;0
170011;0
170012;0
170013;0
170014;0
180100;22
180200;22
180301;50
180302;50
181101;20
181102;20
181103;20
182100;55
182200;30
182300;30
182501;40
183101;50
183102;110
183103;120
184100;30
185101;100
185102;100
185104;0
186201;140
186202;140
186203;140
187101;100
187102;100
187103;160
187104;160
187105;80
187106;120
187107;0
187200;125
193001;0
193002;0
193101;0
193102;0
193201;0
193202;0
194105;108
194106;0
194107;220
194108;220
194201;220
194202;220
194203;0
194204;220
199001;0
199002;0
199101;150
199102;150
199300;0
200102;50
200103;50
200104;50
200105;50
202101;40
202301;55
202302;55
202501;0
203101;0
203102;0
204001;170
204002;170
204003;200
204004;200
204201;170
204202;200
204301;0
204302;0
204303;0
204304;0
204305;0
204306;0
204307;0
204308;0
207301;170
207302;170
207501;200
207502;200
209001;0
209002;0
209100;200
209604;0
209605;0
209606;0
209607;0
209701;0
209801;0
210001;0
210401;120
210402;120
210501;120
210502;120
210801;120
210802;120
210901;95
210902;95
211202;0
211203;30
211204;0
211301;40
212001;20
212101;20
212201;20
218001;0
218002;0
218101;50
218201;0
218301;200
218302;215
218304;160
218305;160
218306;0
218307;0
218403;95
218404;95
218405;110
218406;110
218407;0
218408;0
218503;0
218504;0
218505;0
218506;0
218603;0
218604;0
218605;200
218901;200
218905;130
218906;0
218912;0
218913;0
218914;30
218915;70
219002;155
219003;65
219004;155
219005;0
219006;0
219007;0
219008;0
219009;0
219010;0
219101;0
219102;0
219103;0
219104;0
219105;0
219106;0
219107;0
219108;0
219109;0
219202;0
219302;50
219303;50
219401;0
219402;0
219501;100
219502;100
219503;0
219504;0
219505;0
219601;0
219602;0
219603;0
219604;100
221101;55
221102;55
221103;55
221401;60
221402;60
222104;0
222105;60
222106;0
222107;155
222108;30
222109;0
223101;0
223102;0
223103;0
223104;0
223901;60
223902;60
223903;155
224101;155
224102;155
224103;120
224104;120
224105;120
224106;70
224107;120
224108;155
224203;70
224204;70
224205;0
224206;0
225001;0
225002;0
225003;0
225004;0
225005;0
225006;0
225301;160
225302;160
226001;155
226101;60
226203;0
226204;0
226205;0
226206;0
226207;180
226208;0
226301;80
226302;60
226303;80
226304;155
226305;270
226307;150
226309;150
226403;155
226404;155
226405;0
226406;0
227101;70
227102;0
227201;0
227202;0
227203;0
227204;0
227901;0
228001;0
228002;0
228101;0
228102;0
228103;0
228104;0
236100;80
236200;85
236300;90
237902;160
241101;20
241102;30
241103;60
241104;20
243101;20
243102;25
243103;25
243104;30
243105;70
243106;120
243107;180
243108;180
243109;280
243110;0
243201;20
243202;20
243203;20
243301;60
243302;70
243303;70
244101;30
244102;40
244103;70
244104;90
244105;140
244106;140
244107;120
244108;30
252001;100
252002;0
252501;100
252506;0
252507;0
252508;0
252509;0
253401;0
253402;0
254001;0
254002;0
255001;100
255002;0
255003;0
255004;0
255006;20
255007;0
255101;35
260101;0
260201;0
260202;0
260203;0
260301;25
260302;0
261001;25
261002;50
261003;50
262001;40
262002;50
263101;120
263102;0
263201;140
263203;80
263204;100
263206;0
263208;0
264001;0
264002;0
264003;0
264004;0
264005;0
264006;0
264007;60
264008;0
270101;30
270102;40
270103;0
271101;20
272101;20
272102;20
272103;20
272301;20
272302;30
272401;20
272402;20
273105;0
273201;60
273202;125
273203;60
273204;125
273301;30
273401;60
273402;0
273403;0
274101;60
274201;70
274202;110
274203;120
274301;30
274302;40
274303;40
274304;85
274305;0
274400;80
274901;20
275101;50
275102;90
275103;0
275104;140
275201;20
275202;20
275203;0
275301;70
275302;80
275303;90
275304;110
275305;0
275401;55
275402;55
275403;75
275404;95
275405;0
275500;100
275601;70
275701;160
275801;50
275802;50
275901;60
275902;60
275903;60
276101;70
276102;70
276201;50
276202;0
276203;0
276204;90
276205;220
276206;70
276207;115
276209;220
276210;115
276211;0
276212;90
276301;0
277101;0
277201;40
277202;40
277203;40
277301;0
278200;0
278301;130
278401;120
278402;120
280001;0
280002;0
282101;70
284101;40
285103;50
285104;50
286101;40
286102;40
287101;70
287102;70
287103;70
289101;20
289102;20
289103;20
290001;0
290201;60
290301;90
290303;90
290401;50
290402;50
291101;60
291203;45
291204;45
291205;45
293101;0
293102;0
293305;70
293306;70
293307;100
293308;100
293309;0
293310;0
293311;0
293402;0
293403;0
293501;0
294001;0
294002;0
294003;0
294101;100
294102;100
294201;100
294202;100
294301;100
294401;0
294402;0
295101;110
295103;110
295201;70
295202;100
295601;110
295602;110
295603;110
295604;175
295605;0
295606;0
295607;0
295608;0
295701;0
295702;0
296401;0
296402;0
296403;0
296501;0
296502;0
296503;0
296601;0
296602;0
300101;70
300103;120
300201;70
300202;120
300401;40
300402;120
301001;0
301105;200
301106;200
301107;200
301108;200
301109;200
301110;200
301111;200
301112;200
301201;200
301202;200
301303;0
301304;0
301305;0
301306;0
301401;0
301402;0
301403;0
301404;130
302001;0
302002;0
302102;0
302103;0
302201;0
302301;0
302302;0
302303;0
302304;0
302401;0
302402;0
302403;0
302404;0
302405;0
302406;0
302407;0
302408;0
302409;0
302410;0
302411;0
302412;0
302413;0
302414;0
302501;0
303103;250
303104;250
303201;250
304101;0
304102;0
305101;0
305102;0
306001;60
306002;60
306003;0
306004;60
306005;0
306006;0
306007;0
306101;0
306102;0
306201;0
306301;100
306302;0
306401;0
306402;0
306501;0
306502;0
306503;0
306504;0
306505;0
306506;0
311101;55
311102;55
311301;90
311302;90
311401;35
311402;35
313101;90
313103;90
313301;0
313302;0
313401;0
314103;0
314601;60
314602;60
315001;70
315002;0
315003;0
315104;0
315105;0
317101;95
317102;95
317202;90
317304;0
317305;0
317306;90
317307;0
317308;0
317309;0
317310;0
317401;75
317402;75
317503;250
317504;250
317505;0
317506;0
317507;0
317508;0
317509;0
317510;0
317511;0
319001;0
319002;0
319003;0
319004;0
319201;60
319203;60
319500;0
319601;0
319602;0
320001;200
320002;200
320003;200
320201;80
320203;0
321001;0
321002;0
321003;0
321004;0
321005;0
321006;0
321101;0
321201;0
321202;0
321203;0
321204;0
321205;0
321301;0
321302;0
321303;0
321304;0
321401;0
321501;0
321601;0
321701;0
322101;0
322102;0
322201;0
322202;0
322203;0
322801;0
324101;150
324102;150
324103;0
324104;0
324105;0
324106;0
324201;200
324202;200
324203;0
324204;0
324205;0
324206;0
325101;185
325102;185
325201;250
325202;250
325301;300
325302;0
325303;0
326101;0
327001;0
327101;0
328001;0
332101;80
332201;80
332202;80
332203;80
332204;80
332205;80
332206;80
332207;80
332208;80
332209;80
332210;80
332401;55
332501;55
332601;35
332703;55
332704;55
332801;55
332901;0
332902;0
332903;0
340201;95
340202;0
340301;120
340302;0
340401;40
340501;35
340502;35
340601;0
340602;0
340701;0
340702;0
340703;100
340801;0
340901;0
340902;0
340903;130
340904;150
340905;0
340906;0
340907;0
340908;0
340909;0
340910;0
340911;0
341001;0
341101;120
341104;0
341105;0
341106;0
341107;0
341201;0
341202;0
341203;0
341204;0
341205;0
341301;0
341302;0
341303;0
341401;0
341402;0
341403;100
341501;0
341502;0
342101;35
345001;35
345002;45
345101;130
345102;130
345201;80
345202;80
345203;80
345204;0
345205;80
345301;150
345302;150
345401;0
345402;0
345403;0
345501;0
345502;0
345503;0
345504;0
345601;0
348001;0
348002;0
348101;0
348102;0
348202;150
348203;150
348204;150
348205;150
348301;55
348302;55
348303;55
348501;90
348502;90
348601;180
348602;180
349401;200
349402;200
351101;0
351102;0
351103;0
351201;0
351202;0
351203;0
351301;0
351302;0
351303;0
351401;0
351402;0
351403;0
351501;0
351601;0
351602;0
351603;0
351604;0
351701;0
351702;0
351801;0
351802;0
351803;0
351804;0
351805;0
352001;0
352002;0
352003;0
352101;450
352102;450
352103;450
352201;450
352202;450
352203;450
352301;450
352302;450
352303;450
352401;0
352501;0
352502;0
352503;0
352504;0
352505;0
352506;0
352507;0
352508;0
352509;0
352510;0
352511;0
352512;0
352801;0
352802;0
352901;0
352902;0
353001;0
353002;0
353003;0
353501;0
353503;0
353504;0
353901;0
354101;0
354102;0
355203;400
355204;400
355205;400
356101;370
356102;0
356201;400
356202;400
356203;0
358001;300
358002;550
358101;550
358102;550
358103;550
358104;550
358105;550
358106;550
358108;0
358201;550
358202;550
358203;550
358204;550
358205;550
358206;550
358207;550
358208;550
358209;550
358210;0
358211;0
358304;0
358305;0
358306;550
358307;550
358308;550
358309;0
358401;550
358402;550
358403;550
358404;0
358501;550
358502;550
358503;550
358504;550
358505;550
358506;550
358507;550
358508;550
358509;550
358510;550
358511;0
358601;0
358602;0
358701;350
358702;350
358703;350
358705;0
358801;550
358802;550
358803;300
358805;0
358806;0
358807;0
358901;0
358902;0
358903;0
358904;0
358905;0
359200;300
359300;300
359401;300
359402;300
359403;300
359404;300
359405;300
359406;0
359407;0
359501;150
359502;570
359504;0
359701;300
359702;0
359801;0
359802;0
359803;0
359804;0
360300;300
361601;0
361602;0
361603;0
361604;0
361605;0
361606;0
361607;0
361608;0
361609;0
361610;0
361611;0
361612;0
361613;0
361614;0
361615;0
361616;0
361617;0
361618;0
361619;0
361620;0
361621;0
361622;0
361623;0
361624;0
361801;0
361802;0
361803;0
361804;0
361805;0
361806;0
361807;0
361808;0
361809;0
361810;0
361811;0
361812;0
361813;0
361814;0
361815;0
361816;0
361817;0
361818;0
361819;0
361820;0
361821;0
361822;0
361823;0
361824;0
361901;0
361902;0
361903;0
361904;0
361905;0
361906;0
361907;0
361908;0
361909;0
361910;0
361911;0
361912;0
361913;0
361914;0
361915;0
361916;0
361917;0
361918;0
361919;0
361920;0
361921;0
361922;0
361923;0
361924;0
363201;550
370102;0
371202;100
371203;100
372601;75
372602;75
372701;90
372702;90
372801;0
372802;0
373104;240
373105;0
373106;0
373107;0
373200;400
373303;400
373305;0
373306;0
373307;0
373308;0
373309;0
373310;0
373600;310
373700;150
374100;150
374200;400
374300;125
375201;0
376100;100
376400;0
376701;0
376702;0
376703;0
376704;0
380201;125
380202;125
380203;125
380204;125
380205;0
380206;0
380301;80
380302;80
380303;80
380304;100
380305;90
380306;80
380307;80
380308;80
380401;0
380402;0
380403;0
380404;0
380500;80
380601;100
380603;100
380701;100
380703;0
380801;80
380802;80
380803;80
380901;80
380902;80
380903;80
380904;0
381101;560
381102;0
381203;365
381301;80
381302;80
381303;80
381304;80
381400;185
381501;350
381502;0
381601;155
381602;155
381603;100
381604;0
381801;80
381802;80
381803;0
382101;25
382102;55
382302;0
382303;0
382304;0
382305;0
383107;855
383108;855
383109;0
383110;0
383201;165
383202;180
383203;180
383204;180
383205;180
383206;130
383301;130
383302;130
383303;130
383304;0
383404;0
383405;500
383406;0
383407;0
383408;0
383409;0
383410;0
383411;0
383412;0
383413;0
383414;0
383505;0
383601;200
383602;200
383701;250
383702;0
383801;130
383802;130
383803;130
383901;130
383902;130
383903;0
384201;300
384202;300
384203;0
384301;220
384302;220
384303;220
384304;0
384400;250
384500;200
384600;200
384700;250
384801;220
384802;220
384803;0
384901;200
384902;0
385107;685
385108;685
385109;685
385112;0
385113;0
385201;110
385202;110
385203;110
385204;110
385205;110
385206;0
385207;0
385208;0
385301;100
385302;80
385303;80
385304;80
385402;685
385501;125
385521;0
385601;130
385602;130
385701;130
385702;130
385801;80
385802;80
385803;0
385901;80
385902;80
385903;110
385904;110
385905;0
386100;55
386200;55
388701;125
388801;125
388802;125
388901;110
388902;100
388903;110
388904;110
388905;110
389101;50
389500;50
390100;350
390200;200
391201;200
391202;200
391701;200
391702;200
391703;200
392000;0
392100;200
392201;200
392202;180
392203;200
392204;200
392400;240
392501;240
392502;240
392503;240
392601;150
392602;180
392603;250
392604;250
392605;0
392620;0
392701;130
392702;130
392801;150
392802;150
392803;150
392804;150
392805;150
393201;110
393202;110
393203;110
393204;110
393205;0
393210;0
393301;0
393302;0
393303;80
393304;0
393305;0
393306;150
393307;0
393600;0
393700;0
393804;110
393805;0
393806;0
393807;0
393904;110
393905;0
393906;0
393907;0
394100;80
394200;130
394300;0
395001;120
395211;80
395301;140
395303;0
395304;130
395305;0
395306;0
395307;0
395308;0
395309;0
395400;0
395600;550
395700;0
395800;0
396100;0
396200;0
396501;0
396502;0
396503;0
396504;0
396505;0
396600;0
397201;75
397202;90
397203;90
397204;75
397205;90
397206;90
397207;90
397301;90
397302;90
397303;55
397304;90
397305;90
397306;55
397307;55
397400;90
397501;95
397502;95
397503;95
397601;90
397700;90
397801;55
397802;55
397803;55
397901;55
397902;55
397903;55
398001;200
398002;210
398100;0
399000;0
399100;0
399400;60
399903;0
401001;0
401002;55
401101;25
401102;55
401201;0
402101;55
402102;55
402201;55
402301;90
402400;150
402500;100
402600;100
403000;140
404001;100
404002;100
404003;175
404004;175
404401;80
404402;0
404403;0
404404;0
405101;150
405102;150
405201;0
405202;0
405203;0
405304;110
405305;110
405306;265
405307;0
405404;150
405405;150
405406;130
405407;130
405408;0
405409;150
405411;0
405412;0
405502;130
405503;130
405601;0
405602;0
406100;0
406200;0
406300;150
406401;150
406402;150
406500;100
406600;150
407101;150
407200;60
407300;60
407400;150
410603;0
413101;30
413201;25
413202;60
413204;50
414101;0
414102;0
414201;100
414202;100
414301;110
414302;110
414401;100
414402;100
414501;130
414502;130
415102;130
415103;130
416102;130
416103;130
416201;0
416202;0
419100;0
419200;0
419400;0
420101;100
420102;100
420103;100
420104;100
421101;160
421102;160
422001;50
422002;35
422003;35
422004;0
422601;45
422602;45
423001;0
423103;150
423104;150
423105;200
423106;200
423107;200
423204;150
423205;200
423206;200
423207;200
423208;200
423301;60
423302;45
423304;60
423305;70
423306;45
423308;60
423309;60
424101;250
424102;250
424103;250
424201;280
424202;280
424203;280
425101;185
425102;185
425103;185
425201;0
425202;0
425203;0
425204;0
425205;0
425206;0
425207;0
425208;0
425209;0
425301;0
425302;0
425303;0
425503;0
425504;0
425505;0
425701;0
425801;0
427101;110
427102;110
427200;200
427300;200
427401;200
428201;150
428202;150
428203;150
428300;125
428500;200
428600;0
428701;250
428702;250
429102;170
429103;170
429104;170
429209;70
429301;55
429401;150
429402;200
429405;75
429501;0
429601;0
429602;0
430102;110
430103;110
431001;100
431002;60
431003;100
433101;100
433102;100
434001;105
434101;70
434102;60
434103;60
434201;60
434500;60
436101;160
436102;160
437101;160
437102;160
438101;220
438102;220
438201;200
438202;200
438203;200
438204;200
438301;160
438302;160
438303;160
438304;0
438401;200
438402;130
438501;0
438502;0
438503;0
438504;0
439001;250
439002;250
439003;250
439004;250
439101;130
439102;0
439201;160
439202;160
439301;205
439302;205
440102;0
440103;0
440110;0
440201;120
440202;120
441101;50
441102;50
441200;50
441301;55
441302;50
441303;0
441304;0
441501;60
441502;60
442101;100
442102;100
442201;60
442202;0
442401;110
442402;110
444001;200
444002;200
444101;150
444102;150
444201;150
444202;150
444305;105
445101;150
445102;150
446101;120
446102;120
446201;100
446202;100
446301;110
446302;110
446303;0
446401;0
446402;0
446501;170
446502;170
446601;200
446602;170
446603;170
446604;150
449001;0
449101;150
449102;150
449201;100
449202;100
449301;0
449302;0
449303;0
449304;0
449305;0
449306;0
449307;0
449401;0
449402;0
449403;0
449501;140
449502;140
449601;0
449602;130
449701;0
449702;0
449801;0
449802;0
449803;0
449804;0
449805;0
449806;0
449901;0
449902;0
449903;0
449904;0
449905;0
449906;0
450001;110
450002;110
450601;0
450602;0
451100;50
451200;95
451302;45
451303;100
451304;0
451305;0
451306;0
451307;60
451308;0
451309;0
451310;0
451501;60
451502;60
452101;105
452102;105
452201;60
452301;90
452303;0
452304;0
452305;90
452401;45
452502;45
452601;65
452602;65
453002;0
453100;0
453304;120
453305;0
453306;120
453307;120
454101;120
454102;120
454203;125
454205;0
454206;0
454207;0
454208;0
454209;0
454210;0
454301;0
455101;100
455102;0
455201;0
455202;0
456001;70
456002;70
456101;180
456102;180
456201;100
456202;100
456203;100
456204;100
456205;100
456206;100
456301;100
456302;100
456400;100
456501;0
456502;0
456601;0
456701;0
456801;0
457001;180
457002;180
457101;170
457102;170
457201;170
457202;170
457301;170
457302;170
457401;170
457402;170
457501;170
457502;170
457601;170
457602;170
458101;200
458102;200
458301;200
458302;200
458401;0
458402;0
459101;85
459102;85
459201;85
459202;85
459301;160
459302;160
459401;85
459402;85
459501;160
459503;160
459504;0
459505;0
460103;150
460104;70
461301;150
461302;150
463200;95
464001;100
464003;0
464004;0
465101;140
465103;140
465201;140
465203;140
466101;0
466200;140
466302;0
467001;130
467002;130
467201;140
467202;140
467401;140
467402;140
467601;140
467602;140
467701;140
467702;140
467806;110
467807;110
467808;130
467809;130
467810;180
467811;180
467812;110
467813;110
467901;100
467902;100
467903;85
467904;0
467905;0
467906;0
468001;150
468011;120
468012;150
468013;0
468014;0
468015;120
468016;150
468020;115
468021;115
468022;120
468101;100
468102;100
468501;0
469100;0
469200;0
469401;150
469402;150
469500;0
469600;0
469701;95
469702;105
471102;80
471110;80
472001;80
472002;80
480100;100
482101;50
482201;50
482301;35
482400;35
482500;45
482600;45
482701;75
483101;30
483801;50
483802;120
485001;180
485002;200
485003;180
485004;0
485401;240
485402;240
486201;220
486202;220
486500;130
486701;100
486702;100
486801;120
487101;100
487102;100
487301;150
487302;150
487303;150
487501;130
487502;130
487602;180
487603;0
487604;200
487605;0
487606;0
487607;150
487608;150
487701;300
487702;300
487704;300
487705;300
487706;0
487707;0
487708;0
487901;100
487902;60
487903;120
487904;60
487905;60
488101;60
488103;60
488104;60
488201;0
489001;0
489100;60
489200;60
489301;150
489302;150
489400;45
489501;350
489601;350
490100;60
490201;60
490401;80
492101;20
492200;20
492300;25
492401;0
492501;0
494001;0
494003;130
494004;100
494005;50
494201;0
494300;0
494400;0
494701;40
495001;120
497101;30
497110;0
497201;0
497301;140
497302;150
497303;150
497401;90
497402;90
497501;190
497502;190
497503;90
497504;80
497505;230
497506;230
497507;230
497508;230
497509;80
497510;100
497511;0
497601;0
497602;0
499100;80
499200;0
499301;0
499400;60
499500;30
499600;20
500101;110
500102;100
501001;60
501002;25
501003;65
501004;0
502001;0
502002;0
502101;110
502103;65
502205;0
502206;200
502207;200
502208;0
502209;100
502210;200
502211;200
502212;250
502213;250
502214;0
502215;0
502218;0
502219;0
502220;0
502221;0
502403;0
502404;0
502405;0
502406;0
504001;0
504101;0
504102;0
504103;0
505101;0
505201;0
505202;0
505203;0
505301;0
505401;0
505402;0
505403;0
506103;120
506104;120
506105;200
506106;200
506200;0
510001;110
510002;110
510003;110
510004;0
510005;160
510101;150
510102;150
510301;175
510302;175
511000;115
511102;90
511500;115
511601;90
511602;90
511701;0
511702;0
511703;0
511704;0
511705;0
511706;0
511707;0
512101;140
512104;160
512200;115
512301;125
512302;0
512503;320
512504;320
512505;0
512506;0
512601;230
512602;230
513201;250
513202;250
513601;250
513602;250
513701;160
513702;0
513703;0
513704;0
514001;145
514002;145
514004;0
514301;145
514302;145
514401;150
514402;150
516101;0
516102;0
516201;230
516202;230
516401;125
516402;0
517101;120
517102;120
517201;180
517202;180
517301;300
517302;300
518101;120
518301;180
518302;180
518401;125
518402;125
518500;115
518600;115
518801;125
518901;0
518902;0
518903;0
518904;0
519100;0
519301;140
519302;0
519401;145
519402;145
519501;125
519502;125
519503;125
520101;130
520102;130
520201;120
520202;120
521001;60
521002;25
521003;60
521004;60
521401;0
522201;160
522202;160
522203;160
523101;100
523102;100
523201;0
523202;0
524401;160
524402;160
525001;210
525002;210
525101;210
525102;210
525203;0
525204;0
525205;0
525206;0
525301;280
525302;280
525401;0
525402;0
526101;210
526102;210
527101;300
527102;300
527201;300
527202;300
528001;0
528002;0
529300;125
529400;125
529503;75
529504;75
529505;75
529506;75
529603;160
529605;0
529606;0
529607;0
529608;0
529609;0
529700;115
529800;125
530001;70
530002;70
530003;0
530301;70
530302;70
530401;90
530402;90
530601;70
530602;0
531001;125
531002;125
531003;0
531501;125
531502;160
531601;160
531602;0
531701;125
531702;125
534001;60
534002;60
534101;70
534102;70
534301;70
534302;70
535001;90
535002;90
535101;90
535102;90
535204;60
535205;60
535301;60
535302;0
536001;60
536002;60
536101;60
536102;60
536201;60
536301;60
536302;60
536303;60
536501;0
536502;0
536601;0
536602;0
536701;0
536702;0
536801;0
536802;0
536803;0
536804;0
536901;0
536902;0
536903;0
536904;0
537001;180
537002;180
537003;180
537301;200
537302;200
537303;200
537304;0
537305;0
537306;0
537401;0
537402;0
537403;0
540004;100
540005;100
540006;100
540007;100
540008;100
540009;100
540010;30
540011;30
540012;30
540013;100
540014;100
540015;65
540101;100
540102;20
541101;90
541102;90
541501;80
541504;290
541505;290
541506;290
541507;290
541601;110
541602;110
541701;100
541702;100
541703;40
541704;40
541801;150
541901;0
541902;0
542001;90
542002;0
542101;65
542102;65
542201;30
542202;30
542203;30
542302;55
542303;55
542304;55
542401;0
542402;25
542403;25
543101;30
543102;30
543201;55
543202;55
543301;150
543302;100
543303;150
544104;60
544105;60
544106;60
544107;60
544200;60
545001;140
545101;70
546100;60
546200;60
547001;130
547101;0
547102;130
547103;0
547201;0
547202;0
547203;0
547401;80
547403;80
547404;80
547501;100
547502;0
547503;150
547504;0
547505;280
547506;0
547601;60
547701;60
547702;30
547703;0
549002;100
549012;40
549013;40
549201;75
549201;75
549202;70
549300;0
549400;0
549501;100
549600;0
549700;0
550101;80
550102;110
550104;80
550120;130
550201;80
550202;80
550203;80
550204;0
551101;115
551102;115
551201;0
551202;0
551203;0
551204;0
552101;85
552102;85
552103;0
552201;85
552202;85
552203;85
552601;60
552602;60
552603;60
552604;60
552605;60
552606;60
552607;60
552608;60
552609;60
553101;80
553102;100
553103;80
553104;80
553105;155
553106;155
553107;155
553108;0
554001;220
554002;0
554003;0
554102;0
554103;0
554111;130
555101;220
555102;200
555103;0
555201;200
555202;200
555203;200
555301;200
555302;200
555601;800
555603;800
555604;800
555605;800
555606;0
555607;0
555608;200
555702;0
555703;300
555721;300
557001;80
557021;80
558101;110
558121;110
558202;120
558203;120
558301;130
558302;130
558501;125
558502;125
558601;0
558602;0
558603;0
558604;0
558605;0
558606;0
558607;0
558608;0
558701;200
558720;100
558730;200
558740;100
558801;100
558811;100
559101;75
559300;0
559400;0
559500;0
561101;60
561102;60
562101;100
563101;85
563102;85
563301;85
563311;85
563321;85
563401;60
563510;75
563520;75
564101;0
564111;0
564120;110
564121;200
564130;130
564140;130
564201;80
564211;80
565101;180
565201;170
565202;0
565301;0
565302;0
565410;180
565601;0
565610;170
565710;180
565901;0
565902;0
566001;120
566002;120
566201;0
566202;0
567401;180
567402;180
567403;180
567404;180
567405;180
567406;180
567501;120
567502;120
568201;110
568202;100
568301;120
568401;120
568402;120
568403;215
568404;215
568701;130
568702;130
568901;0
568902;0
568903;180
568904;180
568905;60
568906;180
568907;180
568908;0
569002;55
569101;0
569102;0
569801;0
570101;90
570501;115
570502;115
570503;115
570504;130
571102;100
571103;100
571104;100
571201;100
571210;100
571220;100
572101;120
572201;0
573101;75
573102;0
573103;0
573201;75
573301;75
573302;75
573303;75
573304;75
573401;0
573402;0
573500;55
574100;75
574201;100
574202;100
574203;0
575103;90
575104;90
575105;90
575106;90
575107;90
575108;90
575202;100
575203;100
575204;100
575205;0
575206;0
576001;140
576011;140
576060;100
576061;70
577301;0
577302;0
577303;0
577304;0
577305;300
577306;300
577307;280
577308;280
577309;290
577310;290
577311;0
577312;0
577313;0
577314;0
577315;0
577316;0
578101;100
578111;100
578201;95
578202;50
578303;150
578304;150
578305;135
578306;135
578401;135
578402;135
578403;135
578450;135
578501;130
578502;0
578600;150
578701;240
578702;240
578703;240
578704;240
578801;120
578802;120
578901;70
578910;0
579101;115
579102;115
579200;0
579901;0
579930;100
579950;130
580010;30
580050;120
580051;120
580101;50
580110;50
581010;30
582101;25
582301;45
582302;45
582401;45
582402;45
583101;75
583102;115
583103;0
583201;30
583202;55
583203;0
583230;110
583240;130
584101;70
584102;70
584103;70
584200;30
584301;130
584302;100
584303;100
584304;100
584305;100
584401;120
584402;120
584501;200
584530;200
584601;120
584602;130
584603;120
584700;30
584901;80
585001;0
585010;30
586101;35
586102;35
588201;95
588202;90
589110;30
589120;30
589200;50
589302;0
589303;0
589304;0
589305;0
589403;0
589404;0
589405;0
589406;0
589501;0
589502;0
589503;0
589504;0
590101;80
590111;80
590200;100
590301;100
590311;100
590400;80
591100;120
591910;90
591920;70
592001;0
592002;130
592003;0
592004;0
592005;0
592006;0
592007;200
592008;0
592101;110
592102;0
592103;200
592201;135
592202;0
592203;0
592204;115
592301;110
592302;0
592303;115
592401;200
592402;200
592403;0
593100;0
595101;150
595102;0
595103;125
596101;0
596102;0
597101;110
597104;55
597105;0
597106;0
597201;0
597202;0
597210;0
597251;0
597910;90
597920;120
597940;150
597941;170
597990;0
598001;75
598002;75
599101;0
599110;200
600110;40
600112;60
600201;95
600202;95
600203;95
601101;35
601102;35
601103;0
601104;0
601201;50
601301;25
601311;40
601401;40
601501;35
601502;35
602001;200
602002;200
602003;200
602004;0
602005;0
602201;0
605101;250
605111;250
605112;250
607100;35
607201;0
607211;0
607212;0
607301;110
607311;110
607312;0
608101;40
608201;40
609100;35
609301;130
609401;150
609402;120
609501;0
609502;0
609503;0
610101;40
611101;20
611102;55
612100;110
613101;50
613102;20
613103;80
613401;80
613402;130
614100;60
614200;60
614910;100
619100;35
619201;35
619202;30
620100;35
621100;25
621200;55
621910;0
621911;0
622100;60
623001;100
623002;50
623011;0
623012;0
625101;140
625104;50
625201;130
625203;140
625204;140
625205;245
625206;0
626100;50
627100;40
629101;35
629102;35
629300;70
630100;45
630200;55
630300;45
631001;55
631002;55
631010;110
631011;110
631201;0
631202;0
631301;55
631302;0
632100;50
633200;70
634000;50
635100;0
635200;120
636100;55
637100;30
637200;30
637300;30
638100;0
638201;130
638300;130
639001;0
639002;0
639101;30
639201;40
639202;40
639300;40
639600;70
640000;70
641100;25
642100;20
643100;85
643200;130
644100;30
644200;50
644300;300
644400;130
644500;130
644601;0
644901;0
644902;125
644903;125
644920;35
644930;20
645001;0
645002;0
646001;0
646002;0
646101;0
646102;0
649100;30
649300;35
649501;120
649601;40
649602;440
649701;120
649702;0
649801;130
649802;130
649803;110
649804;100
649805;20
649806;0
651201;60
651202;65
651203;25
651204;0
652101;100
652102;100
652103;100
652201;65
652202;65
652203;65
652301;100
652302;100
652303;100
652304;0
652305;0
652401;70
652402;85
652404;85
652410;50
652701;70
652702;70
652801;110
652802;100
652804;110
652901;90
652902;90
653101;60
653102;120
653104;60
655101;100
655102;120
655104;100
657001;55
657002;55
657801;75
657802;75
657803;105
657804;105
659301;75
659302;75
659510;90
659520;0
660201;75
660202;75
661110;60
661120;65
662101;65
662102;65
662103;65
662104;65
662201;65
662202;65
662203;65
662204;65
664001;70
664002;70
664003;70
665001;100
665002;100
665003;100
666101;0
666102;0
666110;70
666111;70
666210;110
666220;100
667101;50
667102;50
667301;140
667302;140
667401;140
667402;140
667601;90
667610;110
667901;125
667902;125
669101;100
669102;100
669103;100
669201;120
669202;120
669203;120
669410;110
669501;0
669502;0
669503;0
669601;0
669602;0
669603;0
669701;130
669702;0
669901;90
669902;120
670101;20
671201;25
671202;25
672001;70
673101;30
674002;70
674003;70
674004;70
674101;55
674102;55
674103;55
674501;0
674511;0
675101;55
675102;55
675103;55
676101;35
676102;0
676103;0
676210;0
676910;40
676920;55
680101;75
681101;0
681102;0
681103;0
681104;0
681105;60
681201;50
682101;90
682201;90
682202;90
682203;90
682302;50
682303;50
682401;100
682402;100
682403;100
682404;90
682501;90
682510;90
683101;150
683111;150
684001;150
684003;150
684020;150
684103;170
684104;170
685102;150
686001;180
686011;180
686102;180
686110;180
687001;250
688101;300
688201;250
688301;250
690103;50
691101;70
691102;0
691103;0
691110;110
691130;110
691201;70
691202;120
691203;0
691204;120
691205;0
691230;90
691301;50
691302;70
691901;70
691902;85
691910;125
692110;80
692201;70
692202;70
692203;70
692204;0
692205;0
692206;0
694101;80
694102;80
694201;0
694202;0
694203;0
694204;0
694301;0
694302;0
694901;0
694902;0
698001;0
698002;50
698003;50
698004;50
699101;0
699102;40
699103;0
699601;30
699602;30
699701;30
699702;30
701204;45
701301;30
701410;60
701420;50
701430;30
702101;30
702203;30
702401;20
703101;30
703102;30
703301;50
703302;50
703340;95
704001;100
704002;100
704003;90
704201;100
704202;100
704203;100
705110;70
705210;50
705301;90
705302;130
705303;105
706001;150
706102;130
706103;300
706104;0
706105;0
707110;50
707120;70
707130;110
707201;130
707301;150
707401;130
707501;135
707502;135
707503;135
707601;30
707602;30
707701;140
707702;140
707703;140
707920;50
707930;180
709101;20
709102;20
709201;140
709202;140
709203;70
709204;0
709205;0
709206;50
709207;0
710101;30
710920;0
710921;20
710922;30
711001;0
711110;20
711120;20
711130;20
711301;20
712001;20
712002;20
712003;30
712401;55
713101;55
713401;30
713501;20
713502;20
714001;0
714002;0
715001;0
715002;0
715003;40
715004;60
715005;80
715006;80
715007;150
717201;90
717202;90
717301;40
717901;60
717902;50
717920;50
718101;20
718102;20
718201;0
721003;65
732201;65
735301;65
735930;65
735931;65
735980;45
740001;70
740002;70
740003;85
743101;120
743102;120
743201;120
743202;120
750101;55
750105;55
750301;0
750302;0
750303;0
751101;20
751201;0
751202;0
753101;0
753501;0
753502;0
753601;40
753701;0
753702;0
753703;0
753704;0
753705;0
753706;0
753707;0
753708;0
753709;0
753710;0
753711;0
753712;0
753713;0
753714;0
753715;0
753716;0
753717;0
753718;0
753719;0
753720;0
753721;0
753722;0
753723;0
753724;0
753725;0
753726;0
753727;0
753728;0
753729;0
753730;0
753731;0
753732;0
753733;0
753734;0
753801;0
753802;0
753803;0
753901;0
754101;30
755001;40
755002;40
755003;40
756101;110
756102;110
756201;70
756901;70
756902;70
756903;50
756910;30
758001;0
758002;0
758003;0
759101;30
759401;0
759402;80
760101;60
760102;75
760103;75
760901;75
760902;70
761101;25
761102;25
761201;20
761301;55
761302;55
762101;50
762102;50
762103;70
762104;70
762105;40
762201;80
762202;160
762301;0
763101;120
763102;120
763103;120
763104;120
763901;100
763902;100
763903;120
764101;250
764201;160
764301;200
764302;220
764303;220
764304;260
764305;300
764401;160
764402;300
764601;100
765101;110
765105;130
765201;110
765202;110
765301;200
765302;200
765401;0
766100;110
766201;160
766202;120
766203;0
766205;100
766301;0
766302;120
766303;0
766401;0
766402;0
766403;110
766501;140
766601;150
766602;0
766603;140
766604;140
766605;110
766606;110
766607;110
766701;0
766901;60
766902;90
766903;110
766970;70
767201;80
767202;65
767203;130
767301;100
767302;100
767303;100
767304;100
767401;140
767402;140
767403;140
767404;140
767501;80
767502;80
767503;90
767601;160
767602;130
767603;180
767604;180
767605;0
767701;100
767702;120
767703;130
767705;70
767706;80
767801;60
767802;90
767901;120
767902;120
767903;170
767904;135
767905;135
767907;120
767908;150
768001;100
768002;100
768101;120
768301;30
768302;70
768401;110
768500;80
768701;70
768702;70
768801;100
768901;75
768902;75
770100;40
770200;85
770301;85
770302;120
770401;40
770402;55
770501;85
770601;55
770701;85
770702;120
770801;35
770802;45
770901;35
770902;40
770920;75
770930;140
770931;120
771101;0
771102;0
772101;55
772102;50
772103;55
772104;40
772105;55
772203;110
772204;110
772304;85
772305;85
772306;120
772307;120
772403;85
772404;85
772405;110
772406;110
772506;145
772507;140
772508;140
772509;115
772510;140
772511;140
772512;115
772513;140
772514;0
772515;110
772516;0
772601;80
772704;70
772705;70
772706;70
772707;70
772708;70
772709;70
772710;50
772711;50
772712;50
772713;70
772714;70
772715;70
772716;70
772717;50
772718;50
772719;0
772720;0
772721;0
772722;0
772804;70
772805;70
772806;70
772807;70
772808;70
772809;70
772903;85
772904;85
772905;60
772906;60
772907;60
772908;60
772909;200
772912;145
772913;0
772914;200
772915;200
772933;0
772934;0
772935;0
772936;0
772937;0
772938;0
772939;0
772940;0
772941;0
772942;0
772943;0
772944;0
772945;0
772946;0
772947;0
772948;0
772949;0
772950;0
772951;0
772952;0
772953;0
773001;0
773002;0
773003;0
773004;140
773005;0
773006;0
773007;0
773008;170
773009;0
773101;0
773102;0
773103;0
773104;0
774001;25
774002;25
774003;25
774910;50
774911;35
774912;35
775104;75
775105;75
775106;75
775107;85
775401;80
775402;80
775403;80
775404;0
776001;50
776101;40
776102;120
776104;40
776105;120
776109;100
776110;100
776201;55
776202;70
776203;70
776204;70
776301;85
776302;85
776401;60
776402;110
776501;85
776502;125
776503;125
776601;55
776602;80
776701;85
776702;85
776801;35
776802;40
776803;50
776804;120
776805;110
776901;35
776902;110
776920;75
776921;160
776929;0
776930;300
776931;220
776932;300
776933;220
776934;0
776935;0
776936;0
776937;0
776938;0
776939;0
776940;0
776941;0
776942;0
776943;0
776944;0
776945;0
776946;0
776947;0
776948;0
776949;0
776950;0
776951;0
776952;0
776953;0
776954;0
776955;0
776956;0
776957;0
776958;0
776959;0
776960;0
776961;0
776962;0
776963;0
776964;0
776965;0
776966;0
776967;0
776968;0
776969;0
776970;0
776971;0
776972;0
776973;0
776974;0
776975;0
776976;0
776977;0
776978;0
776979;0
776980;0
776981;0
776982;0
776983;0
776984;0
776985;0
776986;0
776987;0
776988;0
776989;0
776990;0
776991;0
776992;0
777001;0
777002;0
777101;75
777102;65
777103;60
777200;0
777300;90
777500;95
777700;50
777800;75
777902;50
778101;60
778102;40
778103;125
778104;55
778105;55
778201;80
778202;85
778203;100
778301;85
778302;40
778303;85
778304;40
778305;40
778306;50
778307;0
778403;0
778404;0
778405;0
778406;0
778501;85
778600;80
778701;85
778702;50
778703;115
778800;45
778901;45
778902;85
778911;40
778912;70
778921;110
778922;210
778923;200
778931;450
778932;450
778933;450
778942;0
778954;0
778955;0
778956;0
778957;0
778958;0
778959;0
778960;0
778961;200
778962;0
778963;0
778964;0
778965;0
778966;0
778967;0
778968;0
778969;0
779101;80
779102;55
779105;155
779131;120
779134;250
779201;130
779202;120
779203;175
779301;110
779402;85
779403;85
779404;65
779500;125
779600;80
779701;100
779801;100
779802;100
779901;45
779902;40
779941;150
779942;0
779943;0
779944;0
779945;0
779946;0
779947;0
779948;0
779949;0
779950;0
779951;0
779952;0
779953;0
779954;0
779955;0
779956;0
779957;0
779958;305
779959;0
779960;0
779961;0
779962;0
779963;0
779964;0
779965;0
779966;0
779967;0
779968;0
780101;65
780102;0
780103;65
780104;65
780105;0
780106;0
780201;75
780202;150
780300;90
780401;55
780402;90
780403;75
780404;0
780501;95
780502;150
780503;150
780600;50
780701;85
780702;150
780703;150
780705;0
780706;150
780800;40
780901;65
780902;40
780903;0
780904;0
780905;0
780920;105
780921;150
780931;250
780932;170
781201;75
781202;40
781301;60
781302;70
781304;70
781401;60
781501;70
781502;70
781503;40
781601;70
781701;60
781702;80
781703;70
781704;40
781801;60
781802;40
781901;40
781902;40
781920;70
781930;0
782101;0
782102;0
782103;0
782104;100
782211;55
782213;70
782221;40
782223;55
782231;0
782233;0
782241;85
782243;120
782311;0
782321;0
782331;0
782341;70
782401;85
782402;70
782403;85
782404;110
782511;70
782513;100
782521;55
782523;85
782531;0
782533;0
782541;70
782543;100
782611;0
782621;0
782631;0
782641;55
782711;40
782721;90
782731;0
782741;80
782751;0
782761;0
782771;0
782781;65
783001;0
783201;0
783202;200
783203;0
783204;0
783301;0
783302;200
783305;0
783306;120
783307;0
783308;0
783401;150
783402;150
783403;150
783404;150
783501;170
783502;250
783503;170
783504;250
783701;170
783702;250
783703;140
783704;220
783705;170
783706;250
783707;140
783708;220
783801;0
783802;0
783803;0
783804;0
783805;0
783806;0
783807;0
783808;0
783901;150
783902;0
783903;0
783911;0
783912;0
783913;0
783914;0
784101;0
784102;0
784103;0
784104;85
784105;85
784106;0
784107;0
784108;0
784109;0
784110;0
784111;0
784112;0
784113;0
784114;0
784115;140
784116;0
784117;0
784118;0
784119;0
784120;0
784121;0
784122;0
784123;0
785100;70
785200;90
785300;85
785400;70
785500;160
785600;50
785800;60
785900;90
786001;0
786002;0
786101;45
786102;55
786201;55
786202;55
786301;35
786302;35
786401;75
786402;90
786501;55
786502;70
786601;50
786602;20
786701;70
786702;40
786801;40
786802;40
786901;40
786902;40
786910;40
786911;60
786920;50
786921;60
786930;80
786931;95
786932;0
786935;70
786936;80
787100;40
787200;100
787300;85
787400;30
787500;140
787600;85
787700;70
787800;30
787901;0
787902;30
789201;0
789301;0
789302;0
789303;0
789401;0
789402;0
789403;0
789500;0
789701;0
789702;0
789703;0
789801;0
789802;0
789803;0
789901;0
789920;0
790100;20
790200;50
790301;45
790302;35
790401;40
790402;40
790500;70
790600;30
790703;40
790704;40
790801;30
790901;40
790902;30
790920;50
790930;80
790931;30
790932;80
790933;20
791101;25
791102;0
791201;90
791301;60
791302;0
791401;140
791402;80
791404;80
791405;80
791501;75
791502;75
791503;75
791601;55
791701;110
791702;150
791703;160
791704;0
791705;0
791740;0
791901;90
791930;0
792101;70
792102;55
792103;55
792200;90
792301;80
792302;110
792401;75
792402;75
792500;140
792600;90
792801;40
792901;75
792902;50
792920;140
793101;70
793102;70
793103;80
793201;95
793202;100
793203;100
793204;100
793205;100
793206;95
793210;105
793301;85
793302;85
793303;85
793304;85
793305;120
793306;120
793307;120
793403;90
793404;90
793405;85
793406;85
793501;160
793502;150
793600;100
793707;80
793708;80
793709;80
793710;80
793711;80
793712;80
793713;110
793714;110
793715;110
793716;110
793717;110
793718;110
793719;110
793801;85
793802;70
793804;140
793901;85
793902;75
793910;150
793911;90
793912;90
793920;145
793921;200
793922;0
793930;425
793932;330
793935;375
793937;330
793940;375
793942;330
793944;375
793946;330
793950;475
793952;220
794101;50
794102;60
794201;30
794202;35
794203;45
794204;55
794501;60
794502;70
794601;40
794602;45
794603;60
794604;70
795101;90
795102;100
795201;80
795202;85
795203;110
795204;120
795501;140
795502;150
795601;80
795602;110
795603;125
795604;135
796100;70
796201;70
796301;70
796400;35
796500;70
796600;60
796700;60
796800;40
796902;70
796903;70
796905;120
797100;40
797200;40
797300;55
797401;55
797402;55
797403;60
797404;60
797501;35
797502;60
797503;100
797601;40
797602;40
797603;30
797701;50
797801;30
797802;35
797803;30
797901;80
797902;30
798101;70
798102;90
798103;0
798106;175
798201;75
798302;60
798303;60
798401;105
798402;105
798403;105
798404;0
798405;115
798406;0
798501;125
798502;120
798601;100
798602;85
798701;80
798801;70
798901;200
799100;40
799201;50
799202;50
799203;60
799204;85
799301;85
799302;80
799401;100
799402;100
799501;50
799502;0
799503;0
799504;0
799505;0
799506;0
799507;0
799601;80
799602;150
799701;80
799702;25
799703;85
799704;100
799710;160
799803;90
799804;90
799805;90
799806;90
799807;90
800101;75
800102;90
800103;75
800104;90
800201;30
800202;90
800301;45
800302;85
800401;40
800402;60
800501;80
800502;120
800601;50
800602;90
800701;40
800702;70
800801;40
800802;70
801101;80
801200;80
801300;80
801400;40
801500;110
801600;80
801700;50
801800;35
802101;55
802201;55
802301;55
802401;55
802501;80
802502;80
802601;55
802701;55
802801;55
803101;40
803201;40
803301;40
803401;40
803501;40
803601;40
803701;40
803801;40
804001;130
804002;0
804101;130
804200;0
804301;60
804302;50
804303;110
804304;110
804310;70
804401;70
804501;0
804502;0
804503;140
804504;0
804600;130
804701;110
804802;120
804803;0
805106;420
805107;0
805108;0
805109;0
805111;0
805112;0
805115;270
805116;0
805117;0
805118;0
805119;0
805120;0
805124;275
805126;0
805127;0
805128;195
805129;0
805130;195
805201;0
805202;0
805203;0
805903;0
805904;0
805905;0
805906;0
805907;0
805908;0
805909;0
805910;0
805911;0
805912;0
805913;0
805914;0
805915;0
805916;0
805917;0
805918;0
805919;0
805920;0
806101;100
806102;120
806103;110
806104;190
807001;60
807101;70
807102;100
807103;110
807104;140
807201;60
807202;90
807203;110
807204;140
807301;60
807302;80
807303;70
807304;140
807401;60
807402;50
807403;65
807404;70
807501;70
807502;100
807503;110
807504;140
807601;70
807602;100
807603;110
807604;140
807705;0
807706;0
807707;0
807708;0
807801;0
807802;0
807803;0
807804;0
808011;40
808012;110
808021;40
808022;110
808031;70
808032;110
808041;70
808042;110
808051;55
808052;125
808061;40
808062;105
808071;50
808072;130
808073;50
808074;50
808075;50
808076;50
808077;50
808101;0
808102;0
808112;110
808114;130
808201;50
808202;110
808204;110
808302;110
808402;70
808502;125
808601;50
808602;110
808604;70
808702;110
808703;0
808704;0
808705;0
808706;0
808802;70
810001;0
810002;0
810003;0
810004;0
810005;0
810006;0
810007;130
810008;130
810009;200
810010;630
810011;0
810012;0
810013;0
810014;0
810015;0
810016;0
810017;0
810018;0
810019;0
810020;0
810021;0
810022;0
810023;0
810024;0
810025;0
810026;0
810027;0
810028;0
810029;0
810030;0
810031;0
810101;530
810102;630
810103;130
810106;530
810107;630
810108;130
810109;275
810111;0
810113;0
810115;0
810116;0
810117;0
810118;0
810119;0
810120;0
810121;0
810122;0
810123;0
810124;0
810203;300
810205;300
810207;0
810208;0
810209;0
810210;0
810211;275
810212;0
810304;0
810306;0
810308;0
810309;0
810310;0
810311;0
810405;0
810406;0
810407;0
810408;0
810409;0
810410;0
810411;0
810412;0
810413;0
810414;0
810415;0
810416;0
810417;0
810418;0
810419;0
810420;0
810421;0
810422;0
810423;0
810424;0
810425;0
810426;0
810427;0
810428;0
810429;0
810430;0
810431;0
810432;0
810433;0
810434;0
810435;0
810436;0
810508;210
810509;0
810510;345
810511;0
810512;0
810513;0
810514;0
810515;0
810516;0
810517;0
810518;0
810519;0
810520;0
810521;0
810522;275
810523;0
810524;0
810525;0
810526;0
810527;0
810528;0
810529;0
810530;0
810531;0
810532;0
810533;0
810605;0
810606;0
810607;0
810608;0
810609;0
810610;0
810613;275
810614;0
810615;0
810616;0
810617;0
810618;0
810619;0
810620;0
810621;0
810622;0
810623;0
810624;0
810625;0
810626;0
810627;0
810628;0
810629;0
810630;0
810631;0
810632;300
810633;0
810634;0
810635;0
810636;0
810637;0
810638;0
810639;0
810640;0
810641;0
810642;0
810643;0
810644;0
810645;0
810646;0
810647;0
810648;0
810649;0
810817;0
810818;0
810819;130
810820;0
810821;275
810822;0
810823;275
810824;0
810825;0
810826;0
810827;275
810828;0
810829;0
810830;0
810831;275
810832;0
810833;0
810834;0
810835;0
810836;0
810837;275
810838;0
810839;0
810840;0
810841;0
810842;0
810843;0
810844;0
810845;0
810846;0
810847;0
810848;0
810849;0
810850;0
810851;0
810852;0
810853;0
810854;0
810901;0
810902;0
810903;0
810904;0
810905;0
810906;0
810907;0
810908;0
810909;0
810910;200
810915;0
810916;0
810917;0
810918;0
811101;100
811102;110
811103;0
811104;0
811202;100
811203;0
811204;0
811205;0
811206;0
811207;0
811208;0
811209;100
811210;100
811211;0
811212;100
811213;0
811214;0
811215;0
811216;0
812001;0
812100;180
812200;120
812301;120
812302;170
812401;105
812402;100
812503;110
812504;120
812505;110
812506;120
812601;80
812602;70
812700;80
812801;70
812802;100
812903;100
812908;80
812909;90
812910;80
812911;90
812912;180
812913;180
813101;150
813102;150
813103;150
813104;150
814101;150
814102;125
814103;0
814104;0
814210;0
814220;105
814221;85
814410;100
814420;100
814421;0
814501;105
814502;150
814503;170
814504;190
814505;200
814506;0
814507;0
814508;0
814509;0
814510;0
814601;105
814602;150
814603;0
814604;0
814605;105
814606;0
814607;100
814608;0
814609;0
814610;0
814611;0
814612;0
814703;80
814704;180
814705;200
814706;70
814707;155
814708;140
814709;140
814711;125
814712;125
814721;200
814722;200
814723;110
814724;190
814725;125
814726;110
814727;105
814728;0
814729;0
814730;0
814731;0
814732;0
814733;0
814905;130
814906;130
814907;150
814908;150
814909;0
814910;150
814911;105
815102;200
815103;200
815104;200
815201;140
815301;180
815302;250
815303;0
815304;250
815401;200
815403;200
815404;200
815405;200
815406;200
815503;0
815504;0
815505;0
815506;250
815601;140
815602;0
815603;110
815701;0
815810;110
817101;100
817102;100
817201;100
817202;100
817203;105
817204;100
817206;100
817207;70
817208;100
817301;125
817302;150
817901;105
817902;0
817903;0
818010;180
818020;180
818101;130
818201;90
818202;90
818203;0
818204;0
818301;60
818302;140
818303;0
818305;100
818306;100
818307;110
818400;140
818500;115
818601;100
818602;150
818603;70
818604;105
818606;125
818607;110
818608;125
818609;170
818610;0
818701;0
818702;0
818703;0
818704;0
819002;685
819003;0
819004;200
819005;200
819006;0
819007;0
819008;0
819009;0
819010;0
819310;170
819330;125
819331;85
819332;85
819401;110
819402;110
819403;110
819404;110
819405;0
819406;110
819407;110
819408;110
819409;110
819501;0
819520;80
819601;0
819602;0
819701;100
819702;180
819703;140
819704;140
819706;140
819801;0
819810;80
820101;40
820102;40
820200;40
820300;0
820400;55
820900;0
821101;40
821102;40
821200;55
821901;40
822101;50
822104;0
822105;0
822106;0
822107;0
822201;40
822202;60
823100;60
823200;40
823301;65
823303;80
823307;50
823311;85
823400;55
823501;120
823502;80
823600;0
824100;60
824201;150
824202;200
824203;100
824211;325
824213;220
824215;95
824301;60
824321;75
824601;70
824611;85
825100;0
825200;0
825301;120
825303;120
825304;120
825305;120
825306;105
825307;120
825400;60
825501;60
825600;0
825900;0
826100;200
826920;100
827101;0
827102;200
827103;250
827104;200
827200;0
827901;90
827902;100
827910;125
828101;120
828102;350
828200;100
828302;90
828304;115
828310;75
828320;80
828330;90
828340;70
828350;70
828351;50
828355;120
828401;100
828402;100
828403;70
828404;60
828501;55
828601;0
828903;0
828904;0
828905;0
828906;0
828907;0
828908;0
828910;100
829101;55
829111;60
829115;85
829121;60
829125;75
829901;50
829910;60
829911;90
829912;70
830101;55
830102;70
830231;60
830232;60
830233;60
830301;90
831101;45
831202;80
831203;40
831204;40
831205;40
831206;40
831207;170
831303;40
831304;40
831305;50
831306;60
831307;40
831308;50
831309;50
831310;0
831311;40
831312;40
831401;70
831402;50
831403;65
831450;70
831451;65
831461;55
831471;50
831481;35
831901;0
831902;90
831905;50
831910;50
832101;50
832102;50
832103;0
832104;0
832105;0
833001;40
833002;80
833101;60
833201;50
833202;80
833203;0
833901;70
834100;40
834201;0
834202;50
834203;40
834300;80
834401;55
834402;0
834501;0
834502;0
834601;0
834602;0
834910;40
834920;40
834930;40
834940;50
834950;50
835100;35
835500;70
836001;60
836002;60
836100;60
836201;165
836202;155
836301;105
836302;160
836303;105
836304;105
836306;105
836307;160
836405;125
836406;0
836407;0
837100;0
837200;0
837300;80
837400;0
837501;100
837502;100
837503;285
837601;180
837602;90
837603;130
837604;90
837605;130
837606;95
837607;95
837608;90
837609;90
837701;0
837702;95
837901;0
838100;90
838200;100
838401;0
838501;90
838502;90
838505;80
838601;100
838602;90
838710;0
838810;0
838820;0
838830;55
838910;0
838940;0
838960;40
839101;90
839200;0
839300;0
839901;45
839902;45
839903;50
839906;35
839907;45
839908;50
839909;40
840001;90
840002;90
840003;90
840100;55
840200;50
840300;90
840400;75
840500;75
840600;100
840701;80
840800;130
840900;140
841001;130
841002;130
841003;130
841101;35
841201;90
841202;90
841203;90
841300;90
841400;90
841500;130
841600;90
841700;90
841800;160
842100;200
842202;200
842203;300
842204;400
842205;600
842301;600
842302;400
842303;350
842401;600
842500;350
842600;350
842700;350
842800;350
843100;70
843200;75
843300;70
843400;60
843500;55
843600;80
843700;70
843800;70
843900;75
844100;0
844200;0
844300;0
844400;0
844500;0
849001;120
849002;160
849003;180
849101;0
849200;0
849300;0
849400;100
849501;600
849502;0
849503;0
849504;0
849505;0
849506;0
849507;0
849508;0
849509;0
849510;0
849511;0
849512;0
849513;0
849601;0
849701;600
850100;30
850201;30
851102;30
851103;30
851200;30
852002;50
852003;50
852100;50
852201;80
852202;80
852300;80
852401;50
852601;50
852602;0
853001;0
853002;100
853103;140
853104;140
853201;0
853202;0
853203;0
853204;0
853401;0
853402;0
854001;0
854002;60
854101;80
854102;80
854103;0
854201;140
854202;140
854203;140
854301;120
854401;155
854501;150
854502;140
854601;0
854701;150
854801;265
857101;120
857102;130
857201;220
857202;0
857203;0
857204;100
858101;50
858200;0
858300;0
858401;0
858402;220
858403;150
858405;0
858701;80
858702;0
859001;0
859002;0
859401;45
859402;0
860101;20
860102;20
860103;20
861001;0
861002;0
861102;30
861103;30
861104;30
861201;25
861202;50
861410;45
861410;45
862001;130
862002;130
862003;130
862004;130
862005;130
862006;50
862007;60
862008;70
862009;75
862010;80
862102;80
862103;80
862104;40
862310;55
862311;205
862312;100
862313;55
862314;0
862315;0
862320;70
862324;100
862326;130
862328;130
862329;130
862351;70
862352;130
862353;0
862354;0
862355;0
862401;0
862402;0
862403;0
862404;0
862505;0
862506;0
862507;0
862508;0
862509;0
862510;55
862511;0
862512;0
862513;0
862514;0
862601;50
862602;50
862603;0
862701;40
862702;35
862703;40
862801;25
862802;25
862803;50
862804;70
862805;70
862806;80
862807;80
862900;60
863103;20
863104;25
863105;30
864101;40
864102;50
864103;60
864104;80
864105;100
864106;100
864201;40
864202;50
864203;60
864204;70
864205;100
865101;25
865102;30
865201;50
865202;50
865203;70
865204;90
865205;90
865206;70
865207;80
865208;140
865209;0
865210;40
866101;60
866102;100
866103;120
866104;155
866105;110
866106;110
866107;110
866108;70
866109;0
866201;70
866202;110
866203;130
866204;165
866300;80
866401;90
866402;0
866403;0
866501;0
866601;0
866602;0
866701;65
866702;65
867001;70
867002;80
867003;100
867004;100
867101;60
867102;90
867103;140
867104;170
867105;500
867106;700
867107;150
867108;700
867201;100
867202;120
867203;150
867301;70
867302;70
867500;0
868101;50
868102;65
868103;55
868104;75
868201;0
868202;0
868203;0
868204;0
868205;0
868206;0
868302;100
868306;100
868307;100
868308;100
868309;100
868310;150
868311;150
868312;100
868313;100
868314;0
868315;0
868316;0
868401;80
868402;100
868403;110
868501;85
868502;120
868503;145
868504;70
868505;75
868506;90
868507;50
868510;135
868601;40
868602;20
868603;50
868604;80
868701;0
868702;0
868703;0
868704;0
868705;0
869101;70
869102;90
869103;80
869104;100
869201;90
869202;0
869203;0
869204;0
869205;0
869400;50
869601;120
869700;50
935201;0
935202;0
936800;30
963800;60
974300;50
981905;95
